{
  "Default": {
    "Client": "Wrk",
    "PresetHeaders": "Plaintext",
    "ClientProperties": {
      "ScriptName": "pipeline",
      "PipelineDepth": 16
    },
    "Source": {
      "Repository": "https://github.com/aspnet/KestrelHttpServer.git",
      "BranchOrCommit": "dev",
      "Project": "benchmarkapps/PlatformBenchmarks/PlatformBenchmarks.csproj"
    },
    "Port": 8080
  },
  "PlaintextPlatform": {
    "Path": "/plaintext"
  },
  "PlaintextNonPipelinedPlatform": {
    "Path": "/plaintext",
    "ClientProperties": {
      "ScriptName": "",
      "PipelineDepth": 0
    }
  }
}
